Jahr,Stadtbezirk,Anzahl Einwohner_innen,Anzahl Einwohner_innen inkl. Nebenwohnsitzen,Anzahl Personen mit persönlichem Migrationshintergrund,Anzahl Personen mit familiärem Migrationshintergrund,Anzahl Personen mit persönlichem Migrationshintergrund - ausländisch,Anzahl Personen mit persönlichem Migrationshintergrund - Einbürgerung,Anzahl Personen mit persönlichem Migrationshintergrund - (Spät)Aussiedler,Anzahl Personen mit familiärem Migrationshintergrund - ausländisch,Anzahl Personen mit familiärem Migrationshintergrund - Einbürgerung,Anzahl Personen mit familiärem Migrationshintergrund - (Spät)Aussiedler,Anzahl Alleinerziehende Haushalte - deutsch,Anzahl Alleinerziehende Haushalte - nicht-deutsch,Anzahl Alleinerziehende Haushalte - kein Migrationshintergrund,Anzahl Alleinerziehende Haushalte - mit Migrationshintergrund
2006,Altstadt-Mitte,3737,4150,934,979,548,240,146,548,283,148,37,4,28,13
2007,Altstadt-Mitte,3662,4081,949,993,580,234,135,580,275,138,40,6,32,14
2008,Altstadt-Mitte,3625,4027,925,961,555,235,135,555,267,139,38,8,31,15
2010,Altstadt-Mitte,3740,4065,1021,1067,606,273,142,606,313,148,43,13,32,24
2011,Altstadt-Mitte,3833,3963,1059,1105,632,287,140,632,328,145,47,14,35,26
2012,Altstadt-Mitte,3864,3957,1096,1139,659,293,144,659,329,151,50,11,39,22
2015,Altstadt-Mitte,4016,4104,1250,1290,918,227,105,918,259,113,36,51,26,61
2017,Altstadt-Mitte,3897,3992,1126,1182,744,274,108,744,319,119,41,15,37,19
2019,Altstadt-Mitte,3861,3938,1105,1150,715,297,93,715,336,99,47,16,41,22
2021,Altstadt-Mitte,3819,3907,1151,1184,722,339,90,722,366,96,44,12,35,21
2009,Altstadt-Ring,3376,3641,849,877,519,233,97,519,254,104,67,7,61,13
2013,Altstadt-Ring,3650,3710,922,962,613,225,84,613,260,89,47,10,44,13
2016,Altstadt-Ring,3671,3721,1022,1072,676,261,85,676,307,89,48,16,45,19
2017,Altstadt-Ring,3650,3712,1009,1063,672,267,70,672,314,77,46,22,41,27
2018,Altstadt-Ring,3673,3727,1018,1080,703,254,61,703,309,68,45,22,40,27
2020,Altstadt-Ring,3683,3738,1071,1119,705,301,65,705,345,69,41,18,38,21
2021,Altstadt-Ring,3680,3733,1055,1102,700,292,63,700,335,67,36,16,34,18
2009,Neuburg,4467,4705,1148,1207,591,345,212,591,391,225,71,14,63,22
2013,Neuburg,4651,4717,1140,1213,643,317,180,643,380,190,58,15,49,24
2016,Neuburg,4698,4774,1274,1362,765,323,186,765,400,197,48,17,41,24
2017,Neuburg,4713,4791,1227,1336,745,312,170,745,410,181,49,15,42,22
2018,Neuburg,4869,4943,1267,1390,764,332,171,764,444,182,60,12,54,18
2020,Neuburg,5090,5174,1396,1506,865,377,154,865,475,166,51,16,46,21
2021,Neuburg,5230,5312,1463,1567,895,404,164,895,496,176,53,12,44,21
2006,Herdern-Süd,5339,5753,1010,1134,479,356,175,479,462,193,118,9,101,26
2008,Herdern-Süd,5351,5717,991,1131,445,377,169,445,493,193,128,8,115,21
2009,Herdern-Süd,5422,5750,987,1123,445,370,172,445,484,194,132,11,113,30
2010,Herdern-Süd,5481,5774,1032,1171,470,395,167,470,511,190,125,14,109,30
2012,Herdern-Süd,5570,5675,1139,1285,517,438,184,517,560,208,162,21,143,40
2016,Herdern-Süd,6008,6125,1226,1395,683,398,145,683,553,159,121,30,102,49
2017,Herdern-Süd,6057,6170,1237,1432,707,385,145,707,564,161,119,34,100,53
2009,Altstadt-Mitte,3660,4020,999,1045,586,270,143,586,313,146,37,9,26,20
2013,Altstadt-Mitte,3834,3931,1031,1066,666,247,118,666,277,123,35,14,28,21
2014,Altstadt-Mitte,3783,3870,1018,1059,672,237,109,672,270,117,38,13,30,21
2016,Altstadt-Mitte,3873,3963,1101,1139,741,245,115,741,275,123,35,15,29,21
2018,Altstadt-Mitte,3867,3949,1103,1156,727,279,97,727,323,106,43,15,39,19
2020,Altstadt-Mitte,3888,3960,1144,1185,731,319,94,731,350,104,45,13,37,21
2006,Altstadt-Ring,3282,3601,767,802,432,227,108,432,250,120,90,5,77,18
2007,Altstadt-Ring,3231,3531,754,797,420,230,104,420,265,112,79,6,69,16
2008,Altstadt-Ring,3270,3550,790,819,455,236,99,455,257,107,71,6,62,15
2010,Altstadt-Ring,3423,3659,899,930,538,256,105,538,279,113,63,6,56,13
2011,Altstadt-Ring,3554,3637,931,962,555,260,116,555,282,125,61,9,55,15
2012,Altstadt-Ring,3685,3739,1002,1050,608,287,107,608,328,114,64,12,56,20
2014,Altstadt-Ring,3701,3753,980,1024,655,248,77,655,288,81,44,15,39,20
2015,Altstadt-Ring,3664,3720,977,1022,637,265,75,637,305,80,45,12,39,18
2019,Altstadt-Ring,3709,3768,1058,1121,718,275,65,718,331,72,39,12,37,14
2006,Neuburg,4112,4433,972,1031,447,319,206,447,368,216,74,12,66,20
2007,Neuburg,4188,4490,1013,1081,483,326,204,483,383,215,69,10,60,19
2008,Neuburg,4447,4722,1137,1186,586,333,218,586,370,230,77,13,66,24
2010,Neuburg,4464,4690,1163,1226,582,364,217,582,414,230,70,13,61,22
2011,Neuburg,4554,4648,1162,1239,587,358,217,587,421,231,61,15,51,25
2012,Neuburg,4582,4645,1205,1286,612,369,224,612,436,238,74,18,62,30
2014,Neuburg,4672,4749,1197,1287,722,303,172,722,380,185,60,13,52,21
2015,Neuburg,4583,4657,1164,1247,685,304,175,685,374,188,46,13,39,20
2019,Neuburg,4900,4980,1305,1432,796,344,165,796,460,176,57,12,54,15
2007,Herdern-Süd,5370,5756,1027,1178,488,361,178,488,490,200,114,11,101,24
2011,Herdern-Süd,5585,5716,1099,1241,494,422,183,494,537,210,124,13,104,33
2013,Herdern-Süd,5744,5846,1059,1193,557,364,138,557,487,149,120,15,112,23
2014,Herdern-Süd,5881,5987,1158,1296,635,376,147,635,504,157,119,23,106,36
2015,Herdern-Süd,5934,6046,1147,1296,622,386,139,622,527,147,126,29,112,43
2019,Herdern-Süd,6205,6315,1291,1505,713,440,138,713,636,156,120,26,101,45
2006,Herdern-Nord,5531,6002,1236,1350,695,331,210,695,429,226,112,17,99,30
2008,Herdern-Nord,5364,5758,1139,1261,614,333,192,614,438,209,117,19,97,39
2010,Herdern-Nord,5410,5749,1190,1319,634,365,191,634,473,212,102,11,78,35
2011,Herdern-Nord,5505,5647,1230,1375,665,380,185,665,505,205,85,13,63,35
2012,Herdern-Nord,5622,5736,1277,1419,693,385,199,693,503,223,113,15,84,44
2016,Herdern-Nord,6178,6292,1358,1483,852,363,143,852,468,163,110,14,92,32
2017,Herdern-Nord,6169,6273,1361,1499,848,376,137,848,494,157,92,12,76,28
2018,Herdern-Nord,6161,6268,1385,1523,863,382,140,863,501,159,87,14,73,28
2020,Herdern-Nord,6153,6256,1338,1474,764,434,140,764,547,163,88,11,75,24
2021,Herdern-Nord,6206,6314,1414,1556,816,457,141,816,576,164,93,12,77,28
2006,Zähringen,8118,8558,1849,2088,864,555,430,864,733,491,179,26,149,56
2008,Zähringen,8185,8586,1903,2155,902,570,431,902,755,498,161,22,134,49
2009,Zähringen,8238,8615,1930,2186,928,590,412,928,781,477,158,30,133,55
2011,Zähringen,8432,8595,2013,2263,1002,617,394,1002,809,452,148,28,125,51
2013,Zähringen,8604,8702,1939,2184,1036,613,290,1036,814,334,134,26,119,41
2014,Zähringen,8769,8871,2066,2303,1140,632,294,1140,827,336,142,28,126,44
2015,Zähringen,8927,9026,2189,2431,1237,667,285,1237,872,322,160,33,140,53
2019,Zähringen,9247,9349,2621,2889,1648,706,267,1648,941,300,152,40,126,66
2020,Zähringen,9196,9295,2640,2881,1596,773,271,1596,977,308,150,35,122,63
2021,Zähringen,9117,9226,2600,2826,1550,778,272,1550,972,304,139,32,111,60
2006,Brühl-Güterbahnhof,5667,5940,1806,2002,908,436,462,908,585,509,145,38,117,66
2008,Brühl-Güterbahnhof,5626,5846,1838,2037,932,446,460,932,587,518,148,40,119,69
2009,Brühl-Güterbahnhof,5756,5966,1882,2097,962,477,443,962,630,505,137,50,108,79
2010,Brühl-Güterbahnhof,5846,6060,1924,2111,960,495,469,960,619,532,149,48,114,83
2012,Brühl-Güterbahnhof,6334,6394,2007,2225,1003,529,475,1003,686,536,173,61,131,103
2016,Brühl-Güterbahnhof,7144,7203,2403,2633,1370,688,345,1370,873,390,126,50,91,85
2017,Brühl-Güterbahnhof,7705,7767,2621,2900,1559,742,320,1559,969,372,142,52,100,94
2018,Brühl-Güterbahnhof,8126,8202,2874,3176,1786,768,320,1786,1020,370,126,53,91,88
2020,Brühl-Güterbahnhof,8196,8278,2854,3155,1689,859,306,1689,1113,353,126,44,94,76
2021,Brühl-Güterbahnhof,8536,8632,3000,3314,1784,920,296,1784,1189,341,132,40,103,69
2007,Brühl-Industriegebiet,609,635,281,298,222,32,27,222,42,34,9,6,9,6
2009,Brühl-Industriegebiet,645,666,297,314,239,36,22,239,47,28,10,5,7,8
2013,Brühl-Industriegebiet,1103,1114,611,629,551,51,9,551,66,12,14,10,13,11
2014,Brühl-Industriegebiet,1367,1378,825,848,753,57,15,753,76,19,12,10,11,11
2015,Brühl-Industriegebiet,1332,1341,788,808,716,57,15,716,73,19,13,10,12,11
2019,Brühl-Industriegebiet,1588,1600,947,974,846,79,22,846,101,27,5,8,5,8
2014,Brühl-Beurbarung,2705,2721,1053,1169,667,310,76,667,418,84,80,41,60,61
2015,Brühl-Beurbarung,2709,2729,1037,1154,656,306,75,656,416,82,85,38,64,59
2019,Brühl-Beurbarung,2691,2716,1074,1216,697,317,60,697,452,67,78,34,54,58
2007,Hochdorf,5079,5187,1279,1535,458,367,454,458,532,545,127,29,106,50
2011,Hochdorf,5111,5158,1292,1541,502,399,391,502,562,477,115,27,98,44
2013,Hochdorf,5139,5171,1192,1429,540,411,241,540,589,300,113,20,97,36
2014,Hochdorf,5192,5219,1274,1520,607,429,238,607,616,297,104,24,89,39
2015,Hochdorf,5214,5239,1306,1551,659,422,225,659,611,281,101,25,85,41
2019,Hochdorf,5273,5307,1513,1778,875,437,201,875,641,262,108,25,89,44
2006,Waldsee,5352,5671,932,1084,384,333,215,384,469,231,108,27,98,37
2007,Waldsee,5371,5675,928,1103,402,326,200,402,482,219,96,23,86,33
2008,Waldsee,5353,5647,928,1098,412,331,185,412,485,201,109,22,96,35
2010,Waldsee,5368,5625,903,1071,402,319,182,402,463,206,109,26,95,40
2011,Waldsee,5538,5631,936,1103,416,341,179,416,480,207,114,27,100,41
2012,Waldsee,5553,5618,962,1139,422,352,188,422,503,214,130,30,119,41
2015,Waldsee,5808,5926,1076,1243,631,312,133,631,459,153,98,19,90,27
2017,Waldsee,5964,6094,1125,1323,662,326,137,662,503,158,89,20,76,33
2019,Waldsee,5908,6053,1104,1294,654,319,131,654,484,156,99,19,86,32
2021,Waldsee,5861,6007,1091,1246,603,357,131,603,484,159,103,19,89,33
2006,Littenweiler,7231,7876,1785,1992,942,494,349,942,655,395,180,34,144,70
2007,Littenweiler,7233,7858,1775,1994,945,493,337,945,662,387,179,35,139,75
2008,Littenweiler,7150,7755,1705,1911,899,470,336,899,619,393,176,39,143,72
2010,Littenweiler,7298,7819,1736,1915,944,485,307,944,613,358,171,36,141,66
2011,Littenweiler,7579,7737,1786,1977,980,498,308,980,642,355,175,37,147,65
2012,Littenweiler,7869,7964,1876,2082,1052,517,307,1052,680,350,196,47,164,79
2017,Littenweiler,8212,8317,2113,2335,1449,474,190,1449,658,228,159,46,139,66
2018,Littenweiler,8170,8284,2069,2295,1390,492,187,1390,682,223,139,46,123,62
2020,Littenweiler,8138,8265,2115,2318,1384,568,163,1384,740,194,149,48,130,67
2021,Littenweiler,8192,8316,2056,2260,1314,582,160,1314,759,187,156,54,135,75
2007,Ebnet,2294,2406,397,488,118,203,76,118,284,86,53,5,47,11
2011,Ebnet,2567,2602,460,547,142,239,79,142,316,89,62,5,52,15
2013,Ebnet,2587,2607,331,396,161,104,66,161,164,71,57,8,52,13
2014,Ebnet,2596,2616,345,412,165,110,70,165,171,76,53,4,49,8
2015,Ebnet,2641,2665,371,427,184,115,72,184,168,75,65,6,59,12
2019,Ebnet,2665,2698,349,428,166,125,58,166,193,69,58,3,51,10
2006,Kappel,2711,2812,481,565,117,269,95,117,342,106,57,3,48,12
2009,Kappel,2704,2783,472,542,118,267,87,118,330,94,48,4,42,10
2010,Kappel,2684,2774,474,546,124,268,82,124,333,89,50,3,42,11
2012,Kappel,2714,2736,512,584,146,283,83,146,343,95,60,3,53,10
2013,Kappel,2742,2762,343,404,165,108,70,165,164,75,49,6,47,8
2016,Kappel,2694,2717,408,457,217,119,72,217,162,78,58,5,52,11
2017,Kappel,2712,2735,382,441,212,104,66,212,155,74,53,4,49,8
2018,Kappel,2711,2736,397,453,225,107,65,225,155,73,49,8,47,10
2020,Kappel,2675,2703,387,436,206,120,61,206,162,68,51,11,47,15
2021,Kappel,2671,2696,374,418,194,125,55,194,161,63,52,8,49,11
2006,Oberau,6194,6679,1331,1454,701,419,211,701,527,226,170,17,153,34
2007,Oberau,6309,6771,1386,1527,722,443,221,722,563,242,163,17,145,35
2008,Oberau,6212,6642,1385,1510,716,449,220,716,553,241,152,21,136,37
2010,Oberau,6398,6775,1415,1562,719,468,228,719,593,250,134,23,115,42
2011,Oberau,6611,6763,1485,1642,768,468,249,768,597,277,140,22,118,44
2012,Oberau,6715,6818,1511,1676,761,502,248,761,636,279,185,22,158,49
2014,Oberau,6727,6818,1393,1536,814,378,201,814,505,217,128,20,112,36
2015,Oberau,6753,6858,1460,1587,849,405,206,849,515,223,135,21,117,39
2019,Oberau,6879,6968,1503,1680,894,436,173,894,592,194,111,19,92,38
2021,Oberau,6749,6859,1437,1598,801,472,164,801,614,183,112,13,93,32
2009,Oberwiehre,6638,6985,1163,1334,540,462,161,540,615,179,149,17,132,34
2013,Oberwiehre,6777,6875,1073,1246,581,351,141,581,500,165,122,20,109,33
2014,Oberwiehre,6861,6957,1094,1282,593,351,150,593,514,175,114,23,101,36
2016,Oberwiehre,6921,7021,1203,1371,680,370,153,680,510,181,144,24,134,34
2018,Oberwiehre,6805,6919,1127,1322,639,353,135,639,524,159,141,20,131,30
2019,Oberwiehre,6785,6903,1144,1351,643,365,136,643,545,163,140,14,129,25
2006,Mittelwiehre,4279,4642,794,891,390,275,129,390,354,147,103,10,89,24
2009,Mittelwiehre,4485,4784,835,935,420,293,122,420,383,132,88,9,78,19
2010,Mittelwiehre,4385,4666,790,904,387,286,117,387,388,129,96,8,86,18
2012,Mittelwiehre,4585,4669,830,960,407,301,122,407,417,136,130,12,114,28
2016,Mittelwiehre,4706,4783,794,905,450,232,112,450,332,123,87,10,82,15
2017,Mittelwiehre,4690,4768,748,886,415,233,100,415,361,110,88,8,83,13
2018,Mittelwiehre,4734,4811,762,910,433,243,86,433,382,95,92,7,82,17
2020,Mittelwiehre,4721,4801,787,921,412,280,95,412,404,105,82,9,70,21
2021,Mittelwiehre,4674,4751,816,941,406,313,97,406,429,106,84,8,73,19
2007,Unterwiehre-Nord,4624,4991,909,1015,474,318,117,474,409,132,112,10,97,25
2011,Unterwiehre-Nord,5013,5122,1061,1167,505,417,139,505,497,165,106,22,90,38
2013,Unterwiehre-Nord,5109,5165,953,1063,518,324,111,518,416,129,94,19,82,31
2014,Unterwiehre-Nord,5127,5193,989,1111,551,327,111,551,430,130,81,22,71,32
2015,Unterwiehre-Nord,5100,5162,1001,1126,575,319,107,575,425,126,82,21,71,32
2019,Unterwiehre-Nord,5293,5364,1135,1277,667,354,114,667,483,127,98,22,82,38
2007,Unterwiehre-Süd,7082,7566,2038,2297,1067,593,378,1067,811,419,153,45,127,71
2011,Unterwiehre-Süd,7286,7452,2031,2293,1017,707,307,1017,924,352,137,37,115,59
2013,Unterwiehre-Süd,7546,7649,1969,2194,1047,713,209,1047,911,236,144,41,122,63
2014,Unterwiehre-Süd,7600,7710,1979,2214,1064,698,217,1064,904,246,129,35,112,52
2015,Unterwiehre-Süd,7837,7945,2226,2468,1332,678,216,1332,887,249,144,34,122,56
2019,Unterwiehre-Süd,8008,8124,2291,2580,1385,727,179,1385,987,208,132,37,115,54
2006,Günterstal,1669,1789,312,350,133,125,54,133,157,60,30,2,27,5
2007,Günterstal,1683,1801,329,369,148,129,52,148,165,56,31,0,29,2
2008,Günterstal,1652,1768,306,350,126,129,51,126,166,58,32,0,29,3
2010,Günterstal,1712,1813,333,374,131,140,62,131,175,68,25,0,21,4
2011,Günterstal,1733,1755,355,398,152,141,62,152,178,68,25,0,21,4
2012,Günterstal,1760,1785,374,419,175,141,58,175,180,64,27,0,24,3
2017,Günterstal,2086,2113,494,561,293,150,51,293,207,61,29,3,25,7
2020,Günterstal,2071,2105,490,556,280,163,47,280,213,63,28,5,25,8
2021,Günterstal,2087,2120,501,559,278,178,45,278,220,61,27,5,22,10
2007,Brühl-Beurbarung,2544,2605,929,1026,595,199,135,595,275,156,88,24,79,33
2011,Brühl-Beurbarung,2599,2621,1006,1119,620,268,118,620,359,140,92,34,73,53
2013,Brühl-Beurbarung,2627,2642,990,1093,627,290,73,627,388,78,91,38,72,57
2007,Stühlinger-Eschholz,6243,6693,1788,1889,1037,420,331,1037,498,354,120,27,103,44
2008,Stühlinger-Eschholz,6219,6642,1730,1836,959,446,325,959,533,344,115,27,99,43
2011,Stühlinger-Eschholz,6545,6697,1834,1940,1010,521,303,1010,605,325,100,27,82,45
2013,Stühlinger-Eschholz,6580,6691,1736,1850,1057,481,198,1057,575,218,91,26,76,41
2014,Stühlinger-Eschholz,6669,6774,1814,1943,1114,499,201,1114,605,224,101,24,88,37
2015,Stühlinger-Eschholz,6552,6646,1733,1866,1053,479,201,1053,585,228,116,25,99,42
2019,Stühlinger-Eschholz,7012,7117,2080,2235,1332,580,168,1332,711,192,114,36,92,58
2006,Alt-Stühlinger,8434,8927,3008,3234,1751,750,507,1751,936,547,205,43,177,71
2008,Alt-Stühlinger,8515,8949,2873,3099,1624,766,483,1624,951,524,184,38,154,68
2009,Alt-Stühlinger,8664,9054,2950,3174,1690,783,477,1690,963,521,182,42,151,73
2010,Alt-Stühlinger,8867,9243,3090,3322,1786,849,455,1786,1038,498,179,41,151,69
2012,Alt-Stühlinger,9081,9173,3175,3426,1866,892,417,1866,1099,461,194,56,166,84
2016,Alt-Stühlinger,9191,9290,3108,3372,1888,946,274,1888,1182,302,148,47,125,70
2017,Alt-Stühlinger,9150,9243,3063,3378,1918,906,239,1918,1195,265,155,49,129,75
2018,Alt-Stühlinger,9260,9344,3146,3438,1980,933,233,1980,1199,259,166,56,141,81
2020,Alt-Stühlinger,9098,9182,3075,3352,1874,972,229,1874,1226,252,160,63,127,96
2021,Alt-Stühlinger,8991,9075,3040,3320,1846,971,223,1846,1231,243,154,65,125,94
2006,Mooswald-West,3782,3934,701,807,274,192,235,274,268,265,76,9,70,15
2007,Mooswald-West,3862,4012,733,841,281,213,239,281,295,265,84,11,77,18
2008,Mooswald-West,3873,4011,724,834,274,214,236,274,294,266,79,8,72,15
2013,Mooswald-West,3905,3941,692,797,299,253,140,299,336,162,62,8,53,17
2014,Mooswald-West,3947,3985,737,852,358,244,135,358,340,154,66,6,57,15
2016,Mooswald-West,3991,4032,843,945,439,263,141,439,346,160,53,6,49,10
2018,Mooswald-West,4001,4032,872,1005,470,273,129,470,387,148,40,10,36,14
2020,Mooswald-West,3978,4018,931,1038,501,303,127,501,392,145,41,9,34,16
2006,Mooswald-Ost,3387,3537,1027,1113,627,213,187,627,289,197,106,25,90,41
2007,Mooswald-Ost,3493,3625,1080,1188,664,217,199,664,310,214,91,30,76,45
2008,Mooswald-Ost,3492,3621,1103,1215,671,241,191,671,338,206,94,26,80,40
2013,Mooswald-Ost,4385,4416,1425,1578,888,395,142,888,531,159,87,28,73,42
2014,Mooswald-Ost,4472,4505,1486,1656,936,404,146,936,557,163,85,26,70,41
2016,Mooswald-Ost,5058,5095,1890,2110,1188,543,159,1188,737,185,108,28,83,53
2018,Mooswald-Ost,5350,5390,1980,2269,1279,567,134,1279,831,159,105,35,82,58
2019,Mooswald-Ost,5373,5409,2026,2321,1308,590,128,1308,859,154,105,37,76,66
2006,Betzenhausen-Bischofslinde,8436,8819,3708,4006,2149,440,1119,2149,586,1271,180,44,134,90
2007,Betzenhausen-Bischofslinde,8687,9094,3767,4083,2181,472,1114,2181,626,1276,175,42,131,86
2008,Betzenhausen-Bischofslinde,8244,8623,3323,3633,1776,451,1096,1776,600,1257,177,41,127,91
2010,Betzenhausen-Bischofslinde,8277,8641,3373,3696,1771,549,1053,1771,719,1206,169,49,128,90
2011,Betzenhausen-Bischofslinde,8525,8667,3435,3755,1813,601,1021,1813,776,1166,160,48,118,90
2012,Betzenhausen-Bischofslinde,8891,8971,3578,3899,1961,640,977,1961,820,1118,185,59,139,105
2017,Betzenhausen-Bischofslinde,9277,9358,3903,4278,2446,953,504,2446,1241,591,158,82,97,143
2018,Betzenhausen-Bischofslinde,9096,9185,3640,4010,2184,979,477,2184,1266,560,155,67,97,125
2020,Betzenhausen-Bischofslinde,9142,9248,3501,3829,1937,1062,502,1937,1312,580,149,66,94,121
2021,Betzenhausen-Bischofslinde,9526,9655,3719,4021,2096,1146,477,2096,1382,543,156,69,96,129
2006,Alt-Betzenhausen,4940,5202,1448,1607,566,356,526,566,478,563,97,14,73,38
2008,Alt-Betzenhausen,5002,5245,1512,1660,622,357,533,622,467,571,97,22,74,45
2010,Alt-Betzenhausen,5074,5302,1526,1671,623,383,520,623,483,565,79,24,65,38
2011,Alt-Betzenhausen,5145,5251,1555,1692,640,381,534,640,472,580,85,24,70,39
2012,Alt-Betzenhausen,5218,5299,1618,1759,676,405,537,676,500,583,95,22,81,36
2016,Alt-Betzenhausen,5174,5240,1534,1655,727,494,313,727,590,338,79,24,61,42
2017,Alt-Betzenhausen,5252,5315,1579,1728,792,490,297,792,616,320,85,22,66,41
2018,Alt-Betzenhausen,5182,5247,1552,1701,769,499,284,769,623,309,88,21,70,39
2020,Alt-Betzenhausen,5140,5193,1558,1697,784,514,260,784,630,283,80,17,62,35
2021,Alt-Betzenhausen,5174,5236,1590,1725,831,509,250,831,620,274,81,20,63,38
2006,Landwasser,6873,7024,2898,3304,772,504,1622,772,702,1830,167,37,120,84
2007,Landwasser,6894,7031,2930,3360,839,533,1558,839,766,1755,152,42,104,90
2008,Landwasser,6858,6992,2959,3392,885,549,1525,885,786,1721,143,39,101,81
2013,Landwasser,7033,7074,3118,3617,1140,1131,847,1140,1492,985,140,38,95,83
2014,Landwasser,6993,7035,3131,3628,1196,1103,832,1196,1464,968,139,44,90,93
2015,Landwasser,7066,7108,3239,3740,1346,1086,807,1346,1450,944,141,42,85,98
2016,Landwasser,7089,7139,3376,3878,1451,1102,823,1451,1474,953,140,43,81,102
2019,Landwasser,7176,7217,3496,4038,1670,1119,707,1670,1517,851,132,48,68,112
2020,Landwasser,7117,7158,3533,3999,1663,1159,711,1663,1502,834,126,44,69,101
2021,Landwasser,7071,7117,3558,4015,1717,1159,682,1717,1503,795,124,50,70,104
2009,Lehen,2287,2365,424,481,156,177,91,156,222,103,48,5,46,7
2013,Lehen,2389,2407,412,475,205,124,83,205,178,92,35,5,33,7
2014,Lehen,2445,2465,437,506,241,120,76,241,178,87,36,8,34,10
2015,Lehen,2468,2495,419,483,218,127,74,218,180,85,46,7,42,11
2016,Lehen,2518,2545,468,530,262,120,86,262,170,98,43,6,39,10
2019,Lehen,2462,2490,429,495,235,134,60,235,189,71,44,8,39,13
2007,Waltershofen,2247,2299,330,420,65,125,140,65,179,176,46,0,40,6
2008,Waltershofen,2232,2285,335,426,70,129,136,70,188,168,47,2,42,7
2010,Waltershofen,2259,2309,363,459,101,129,133,101,196,162,47,3,41,9
2011,Waltershofen,2265,2280,384,477,117,134,133,117,198,162,41,4,36,9
2012,Waltershofen,2208,2227,366,452,100,131,135,100,187,165,47,6,43,10
2014,Waltershofen,2187,2204,300,376,109,119,72,109,178,89,36,3,34,5
2015,Waltershofen,2201,2218,315,396,115,125,75,115,185,96,37,2,35,4
2019,Waltershofen,2202,2226,332,415,149,122,61,149,185,81,29,2,27,4
2006,Mundenhof,47,48,8,10,1,6,1,1,8,1,3,0,3,0
2007,Mundenhof,48,49,7,9,1,5,1,1,7,1,2,0,2,0
2008,Mundenhof,49,49,7,9,1,5,1,1,7,1,1,0,1,0
2010,Mundenhof,50,50,6,8,1,4,1,1,6,1,2,0,2,0
2011,Mundenhof,48,48,5,7,1,3,1,1,5,1,2,0,2,0
2012,Mundenhof,47,47,5,7,1,3,1,1,5,1,2,0,2,0
2015,Mundenhof,51,51,9,11,5,3,1,5,5,1,1,0,1,0
2017,Mundenhof,57,57,10,15,4,5,1,4,10,1,1,0,1,0
2019,Mundenhof,53,53,11,15,4,5,2,4,9,2,0,0,0,0
2021,Mundenhof,45,45,10,14,4,5,1,4,9,1,0,0,0,0
2006,Haslach-Egerten,5660,5978,1564,1649,846,328,390,846,392,411,122,16,99,39
2007,Haslach-Egerten,5766,6065,1622,1714,886,339,397,886,404,424,111,16,96,31
2008,Haslach-Egerten,5931,6189,1617,1727,869,358,390,869,432,426,112,21,94,39
2010,Haslach-Egerten,6118,6330,1749,1891,967,395,387,967,499,425,123,36,99,60
2011,Haslach-Egerten,6276,6370,1833,1987,1012,440,381,1012,561,414,126,40,105,61
2012,Haslach-Egerten,6609,6673,2037,2225,1137,520,380,1137,674,414,167,55,139,83
2015,Haslach-Egerten,6747,6798,2061,2255,1261,550,250,1261,713,281,135,49,121,63
2017,Haslach-Egerten,7096,7161,2216,2461,1373,598,245,1373,813,275,132,54,109,77
2021,Haslach-Egerten,8014,8090,2662,2945,1651,767,244,1651,1008,286,160,57,132,85
2009,Haslach-Gartenstadt,7192,7396,2222,2473,1320,535,367,1320,752,401,178,40,154,64
2013,Haslach-Gartenstadt,7817,7862,2466,2776,1537,631,298,1537,907,332,191,62,164,89
2016,Haslach-Gartenstadt,8016,8064,2779,3112,1789,714,276,1789,1012,311,177,76,154,99
2017,Haslach-Gartenstadt,8011,8062,2733,3116,1792,685,256,1792,1031,293,178,74,150,102
2018,Haslach-Gartenstadt,7830,7889,2624,2994,1699,691,234,1699,1020,275,172,74,140,106
2020,Haslach-Gartenstadt,8100,8164,2820,3153,1751,801,268,1751,1093,309,188,77,151,114
2009,Haslach-Schildacker,707,725,238,255,128,53,57,128,66,61,18,4,17,5
2013,Haslach-Schildacker,756,758,280,301,171,79,30,171,100,30,24,6,19,11
2014,Haslach-Schildacker,780,783,303,324,202,72,29,202,92,30,22,6,18,10
2016,Haslach-Schildacker,1114,1119,703,725,616,59,28,616,81,28,11,8,9,10
2018,Haslach-Schildacker,961,973,551,579,468,61,22,468,88,23,11,11,9,13
2019,Haslach-Schildacker,926,930,487,530,407,67,13,407,106,17,9,11,8,12
2007,Haslach-Haid,3714,3822,935,1090,388,231,316,388,333,369,90,17,85,22
2008,Haslach-Haid,3762,3859,947,1093,388,242,317,388,332,373,95,11,87,19
2010,Haslach-Haid,3831,3929,990,1139,427,257,306,427,351,361,83,16,73,26
2011,Haslach-Haid,3770,3803,1008,1154,447,270,291,447,365,342,76,16,66,26
2012,Haslach-Haid,3807,3829,1022,1167,473,266,283,473,362,332,90,22,80,32
2014,Haslach-Haid,3837,3857,1027,1178,514,329,184,514,443,221,71,19,62,28
2015,Haslach-Haid,3891,3911,1117,1265,600,342,175,600,457,208,72,16,62,26
2019,Haslach-Haid,3834,3861,1106,1245,607,345,154,607,457,181,77,18,64,31
2006,St. Georgen-Nord,8403,8681,1592,1764,858,460,274,858,601,305,259,25,239,45
2008,St. Georgen-Nord,8354,8618,1563,1747,790,481,292,790,632,325,228,17,210,35
2009,St. Georgen-Nord,8676,8951,1679,1878,819,559,301,819,721,338,225,24,206,43
2010,St. Georgen-Nord,8842,9112,1738,1963,865,584,289,865,768,330,213,29,195,47
2012,St. Georgen-Nord,9281,9370,1872,2171,938,602,332,938,849,384,249,44,227,66
2016,St. Georgen-Nord,9808,9904,2110,2418,1260,588,262,1260,838,320,185,36,166,55
2017,St. Georgen-Nord,9857,9960,2114,2454,1300,574,240,1300,857,297,197,33,175,55
2018,St. Georgen-Nord,9905,10007,2133,2493,1302,590,241,1302,891,300,191,43,168,66
2020,St. Georgen-Nord,10106,10194,2418,2743,1495,672,251,1495,935,313,182,53,162,73
2021,St. Georgen-Nord,10340,10439,2553,2886,1589,712,252,1589,989,308,195,52,167,80
2007,St. Georgen-Süd,2356,2469,397,451,114,141,142,114,177,160,37,6,31,12
2009,St. Georgen-Süd,2332,2429,400,446,104,144,152,104,173,169,36,5,32,9
2013,St. Georgen-Süd,2332,2369,377,423,125,133,119,125,170,128,25,9,22,12
2014,St. Georgen-Süd,2380,2416,386,441,137,131,118,137,176,128,26,8,23,11
2015,St. Georgen-Süd,2367,2400,388,439,139,131,118,139,170,130,25,5,21,9
2019,St. Georgen-Süd,2415,2445,449,515,192,156,101,192,212,111,32,8,25,15
2007,Opfingen,3991,4086,685,810,263,244,178,263,347,200,85,12,75,22
2008,Opfingen,3971,4057,695,813,268,261,166,268,361,184,97,10,86,21
2011,Opfingen,4213,4236,765,918,307,279,179,307,402,209,102,13,94,21
2013,Opfingen,4440,4464,723,912,347,236,140,347,391,174,102,12,92,22
2014,Opfingen,4435,4465,749,931,354,251,144,354,401,176,106,15,94,27
2015,Opfingen,4507,4534,831,1008,428,258,145,428,404,176,103,16,93,26
2019,Opfingen,4478,4510,921,1111,532,263,126,532,421,158,85,19,75,29
2006,Tiengen,3261,3344,658,774,268,243,147,268,328,178,64,11,59,16
2008,Tiengen,3281,3357,695,816,292,251,152,292,341,183,63,11,55,19
2009,Tiengen,3247,3317,700,814,297,247,156,297,331,186,62,9,58,13
2010,Tiengen,3235,3312,746,864,336,257,153,336,344,184,56,15,53,18
2012,Tiengen,3218,3253,726,836,345,240,141,345,315,176,74,15,70,19
2016,Tiengen,3412,3446,917,1016,640,168,109,640,233,143,43,15,41,17
2017,Tiengen,3393,3434,917,1028,649,164,104,649,241,138,45,16,43,18
2018,Tiengen,3356,3398,894,997,625,173,96,625,245,127,35,20,33,22
2020,Tiengen,3373,3408,894,982,594,206,94,594,260,128,45,17,41,21
2021,Tiengen,3471,3500,890,994,570,229,91,570,299,125,45,12,41,16
2006,Munzingen,2735,2792,619,791,227,170,222,227,278,286,74,11,59,26
2007,Munzingen,2729,2790,599,777,222,176,201,222,289,266,84,13,70,27
2008,Munzingen,2703,2756,598,750,205,194,199,205,287,258,76,9,67,18
2010,Munzingen,2682,2746,606,764,212,202,192,212,298,254,65,8,55,18
2011,Munzingen,2755,2779,660,809,238,231,191,238,320,251,56,10,46,20
2012,Munzingen,2797,2818,679,822,249,236,194,249,324,249,88,13,72,29
2014,Munzingen,2888,2909,645,777,298,217,130,298,320,159,64,13,54,23
2015,Munzingen,2913,2929,662,803,318,224,120,318,335,150,70,13,61,22
2019,Munzingen,3011,3027,755,927,423,217,115,423,347,157,66,16,54,28
2021,Munzingen,3019,3037,784,955,435,238,111,435,364,156,57,15,47,25
2009,Weingarten,10256,10445,4995,5560,2285,1025,1685,2285,1416,1859,264,114,182,196
2013,Weingarten,10751,10806,5213,5890,2576,1712,925,2576,2236,1078,233,116,161,188
2014,Weingarten,10702,10758,5222,5919,2604,1715,903,2604,2270,1045,217,121,153,185
2016,Weingarten,11111,11166,5637,6377,2926,1805,906,2926,2390,1061,240,131,174,197
2018,Weingarten,11134,11187,5551,6407,2952,1768,831,2952,2458,997,230,144,166,208
2020,Weingarten,11263,11333,5798,6572,3078,1907,813,3078,2512,982,224,144,163,205
2007,Rieselfeld,8245,8365,2412,3107,856,548,1008,856,978,1273,319,48,263,104
2011,Rieselfeld,9469,9540,2755,3532,942,765,1048,942,1226,1364,319,48,252,115
2013,Rieselfeld,9849,9918,2794,3471,1055,1130,609,1055,1642,774,287,49,229,107
2014,Rieselfeld,9836,9914,2774,3487,1060,1112,602,1060,1642,785,264,53,215,102
2015,Rieselfeld,9800,9886,2787,3491,1070,1114,603,1070,1643,778,261,56,208,109
2019,Rieselfeld,9741,9841,2896,3629,1228,1122,546,1228,1692,709,234,58,169,123
2009,Vauban,5060,5254,996,1228,530,360,106,530,578,120,220,19,202,37
2013,Vauban,5631,5680,1111,1323,650,365,96,650,555,118,218,20,200,38
2016,Vauban,5589,5661,1214,1386,738,388,88,738,541,107,195,21,184,32
2017,Vauban,5602,5683,1240,1442,788,370,82,788,551,103,187,17,176,28
2018,Vauban,5427,5516,1172,1361,716,379,77,716,545,100,186,17,172,31
2020,Vauban,5267,5359,1099,1254,589,434,76,589,564,101,170,15,153,32
2018,Herdern-Süd,6049,6165,1239,1434,695,398,146,695,575,164,110,28,93,45
2020,Herdern-Süd,6356,6478,1359,1574,715,497,147,715,692,167,119,31,99,51
2021,Herdern-Süd,6386,6505,1415,1636,736,528,151,736,725,175,126,32,107,51
2007,Herdern-Nord,5521,5950,1233,1356,716,324,193,716,431,209,117,16,100,33
2009,Herdern-Nord,5448,5789,1188,1315,633,366,189,633,475,207,116,14,94,36
2013,Herdern-Nord,5710,5822,1179,1308,712,321,146,712,432,164,88,10,70,28
2014,Herdern-Nord,5819,5920,1175,1313,693,340,142,693,460,160,92,10,73,29
2015,Herdern-Nord,6016,6127,1265,1400,802,328,135,802,444,154,98,12,83,27
2019,Herdern-Nord,6217,6330,1404,1555,877,387,140,877,513,165,96,14,83,27
2007,Zähringen,8161,8589,1871,2143,867,568,436,867,774,502,183,26,153,56
2010,Zähringen,8315,8682,1959,2217,942,602,415,942,801,474,151,31,129,53
2012,Zähringen,8592,8701,2085,2344,1043,644,398,1043,846,455,171,39,145,65
2016,Zähringen,9146,9258,2461,2721,1471,694,296,1471,915,335,140,40,124,56
2017,Zähringen,9375,9480,2657,2947,1698,683,276,1698,938,311,138,39,118,59
2018,Zähringen,9316,9433,2619,2910,1669,685,265,1669,943,298,136,45,116,65
2007,Brühl-Güterbahnhof,5661,5920,1833,2028,922,443,468,922,580,526,145,40,119,66
2011,Brühl-Güterbahnhof,6137,6244,1952,2153,964,499,489,964,640,549,153,51,119,85
2013,Brühl-Güterbahnhof,6414,6476,1942,2140,990,640,312,990,801,349,151,59,114,96
2014,Brühl-Güterbahnhof,6777,6845,2082,2299,1096,677,309,1096,852,351,145,55,105,95
2015,Brühl-Güterbahnhof,7161,7219,2378,2590,1396,662,320,1396,826,368,134,59,99,94
2019,Brühl-Güterbahnhof,8122,8210,2834,3151,1742,791,301,1742,1062,347,135,49,100,84
2006,Brühl-Industriegebiet,592,618,267,283,213,30,24,213,39,31,11,7,10,8
2008,Brühl-Industriegebiet,644,670,284,299,228,31,25,228,40,31,8,7,8,7
2010,Brühl-Industriegebiet,727,744,357,376,292,48,17,292,62,22,11,10,10,11
2011,Brühl-Industriegebiet,795,802,419,441,355,44,20,355,61,25,12,8,11,9
2012,Brühl-Industriegebiet,941,949,503,523,431,51,21,431,64,28,15,13,14,14
2016,Brühl-Industriegebiet,1430,1441,892,915,814,62,16,814,81,20,11,10,10,11
2017,Brühl-Industriegebiet,1676,1685,1044,1074,948,83,13,948,108,18,4,9,3,10
2018,Brühl-Industriegebiet,1618,1628,983,1011,893,75,15,893,97,21,4,6,4,6
2020,Brühl-Industriegebiet,1533,1543,917,938,798,100,19,798,117,23,4,6,4,6
2021,Brühl-Industriegebiet,1454,1474,848,870,725,105,18,725,123,22,7,9,7,9
2016,Brühl-Beurbarung,2727,2750,1067,1177,685,307,75,685,408,84,81,32,61,52
2017,Brühl-Beurbarung,2714,2739,1046,1178,683,290,73,683,414,81,75,29,53,51
2018,Brühl-Beurbarung,2691,2711,1050,1183,675,304,71,675,428,80,73,30,50,53
2020,Brühl-Beurbarung,2670,2696,1086,1228,680,345,61,680,475,73,75,31,51,55
2021,Brühl-Beurbarung,2664,2683,1094,1237,674,358,62,674,489,74,74,34,52,56
2006,Hochdorf,5119,5250,1305,1544,489,372,444,489,521,534,140,19,114,45
2008,Hochdorf,5063,5170,1254,1510,449,368,437,449,530,531,127,26,105,48
2009,Hochdorf,5070,5171,1227,1496,428,382,417,428,555,513,129,32,106,55
2010,Hochdorf,5024,5129,1231,1486,453,378,400,453,543,490,122,27,106,43
2012,Hochdorf,5130,5166,1307,1576,511,412,384,511,593,472,126,36,107,55
2016,Hochdorf,5393,5429,1534,1775,882,431,221,882,620,273,108,24,93,39
2017,Hochdorf,5391,5430,1525,1799,893,423,209,893,639,267,105,25,89,41
2018,Hochdorf,5308,5340,1503,1766,875,420,208,875,626,265,99,26,84,41
2020,Hochdorf,5180,5213,1493,1751,811,478,204,811,675,265,99,23,81,41
2021,Hochdorf,5157,5191,1485,1748,786,498,201,786,694,268,104,20,87,37
2009,Waldsee,5405,5678,904,1080,397,327,180,397,480,203,101,22,89,34
2013,Waldsee,5553,5623,842,1003,418,296,128,418,439,146,94,21,86,29
2014,Waldsee,5670,5771,985,1147,540,311,134,540,454,153,92,23,84,31
2016,Waldsee,5869,6001,1115,1280,654,323,138,654,468,158,97,22,89,30
2018,Waldsee,5959,6098,1106,1294,659,317,130,659,483,152,88,22,75,35
2020,Waldsee,5968,6110,1176,1330,683,361,132,683,487,160,102,19,91,30
2009,Littenweiler,7160,7702,1684,1877,870,501,313,870,643,364,168,40,137,71
2013,Littenweiler,7781,7872,1702,1865,1068,424,210,1068,559,238,148,36,133,51
2014,Littenweiler,7801,7904,1741,1906,1095,437,209,1095,573,238,158,37,141,54
2015,Littenweiler,7922,8014,1834,2006,1191,437,206,1191,576,239,156,37,141,52
2016,Littenweiler,8232,8336,2122,2298,1430,480,212,1430,621,247,158,48,140,66
2019,Littenweiler,8218,8335,2071,2276,1395,517,159,1395,692,189,140,50,127,63
2006,Ebnet,2247,2366,409,499,121,207,81,121,284,94,56,6,47,15
2008,Ebnet,2360,2467,412,495,123,211,78,123,284,88,53,7,46,14
2009,Ebnet,2453,2546,397,482,113,213,71,113,287,82,61,8,53,16
2010,Ebnet,2517,2601,427,517,126,228,73,126,308,83,56,8,48,16
2012,Ebnet,2603,2629,466,554,157,239,70,157,320,77,78,11,67,22
2016,Ebnet,2610,2642,370,430,185,110,75,185,164,81,60,5,53,12
2017,Ebnet,2613,2648,356,427,182,108,66,182,170,75,62,5,55,12
2018,Ebnet,2601,2636,345,419,170,111,64,170,175,74,60,4,55,9
2020,Ebnet,2678,2709,350,408,151,141,58,151,187,70,50,3,45,8
2021,Ebnet,2689,2719,363,426,162,146,55,162,196,68,43,4,39,8
2007,Kappel,2715,2812,473,558,123,263,87,123,337,98,56,2,48,10
2008,Kappel,2726,2813,478,556,116,275,87,116,346,94,52,3,45,10
2011,Kappel,2667,2698,488,556,129,270,89,129,328,99,45,3,38,10
2014,Kappel,2724,2745,377,436,189,119,69,189,175,72,45,5,43,7
2015,Kappel,2693,2716,385,438,195,121,69,195,169,74,49,6,44,11
2019,Kappel,2684,2710,378,435,205,113,60,205,164,66,51,10,50,11
2009,Oberau,6229,6651,1431,1554,729,479,223,729,583,242,131,20,115,36
2013,Oberau,6747,6839,1404,1546,801,402,201,801,526,219,136,19,122,33
2016,Oberau,6929,7035,1555,1688,897,432,226,897,548,243,112,23,95,40
2017,Oberau,6864,6960,1445,1602,856,397,192,856,538,208,103,25,89,39
2018,Oberau,6879,6967,1490,1645,868,436,186,868,571,206,112,19,95,36
2020,Oberau,6803,6904,1470,1643,835,466,169,835,621,187,98,11,82,27
2006,Oberwiehre,6159,6573,1035,1171,468,409,158,468,531,172,168,15,150,33
2007,Oberwiehre,6494,6899,1082,1258,516,411,155,516,568,174,172,17,158,31
2008,Oberwiehre,6512,6886,1140,1299,532,446,162,532,588,179,156,16,145,27
2010,Oberwiehre,6614,6945,1186,1369,546,486,154,546,649,174,137,16,117,36
2011,Oberwiehre,6713,6852,1197,1378,557,478,162,557,636,185,142,19,122,39
2012,Oberwiehre,6764,6861,1222,1415,564,483,175,564,648,203,166,25,140,51
2015,Oberwiehre,6856,6957,1143,1319,628,364,151,628,510,181,134,19,122,31
2017,Oberwiehre,6793,6896,1135,1328,626,367,142,626,533,169,135,20,124,31
2020,Oberwiehre,6745,6868,1173,1361,629,407,137,629,567,165,140,13,129,24
2021,Oberwiehre,6616,6748,1120,1294,601,395,124,601,548,145,142,16,129,29
2007,Mittelwiehre,4356,4651,817,930,418,277,122,418,371,141,105,9,92,22
2008,Mittelwiehre,4487,4770,813,922,403,292,118,403,385,134,112,9,97,24
2011,Mittelwiehre,4481,4578,816,925,388,297,131,388,397,140,107,7,94,20
2013,Mittelwiehre,4578,4662,710,807,388,219,103,388,307,112,94,11,88,17
2014,Mittelwiehre,4549,4631,725,827,406,223,96,406,316,105,81,5,76,10
2015,Mittelwiehre,4601,4673,733,839,411,220,102,411,315,113,95,8,90,13
2019,Mittelwiehre,4736,4817,763,902,430,244,89,430,374,98,78,8,68,18
2006,Unterwiehre-Nord,4753,5163,952,1046,494,320,138,494,404,148,132,11,116,27
2008,Unterwiehre-Nord,4588,4940,907,1008,465,321,121,465,409,134,100,11,89,22
2009,Unterwiehre-Nord,4619,4947,951,1054,485,343,123,485,429,140,102,16,92,26
2010,Unterwiehre-Nord,4784,5089,990,1088,481,375,134,481,454,153,104,15,88,31
2012,Unterwiehre-Nord,5110,5178,1112,1232,516,445,151,516,534,182,117,22,100,39
2016,Unterwiehre-Nord,5173,5246,1076,1185,625,334,117,625,429,131,89,20,77,32
2017,Unterwiehre-Nord,5145,5209,1066,1204,628,329,109,628,452,124,82,24,73,33
2018,Unterwiehre-Nord,5233,5298,1127,1267,679,339,109,679,465,123,83,33,73,43
2020,Unterwiehre-Nord,5213,5283,1155,1290,656,391,108,656,515,119,100,24,85,39
2021,Unterwiehre-Nord,5210,5298,1147,1273,635,403,109,635,520,118,93,26,77,42
2006,Unterwiehre-Süd,7649,8182,2147,2432,1118,611,418,1118,845,469,195,46,165,76
2008,Unterwiehre-Süd,7057,7529,1947,2206,957,640,350,957,858,391,153,45,125,73
2009,Unterwiehre-Süd,7157,7609,1953,2200,979,649,325,979,851,370,148,43,127,64
2010,Unterwiehre-Süd,7142,7575,1976,2232,1004,661,311,1004,874,354,137,36,118,55
2012,Unterwiehre-Süd,7343,7450,2038,2286,1022,713,303,1022,915,349,182,44,156,70
2016,Unterwiehre-Süd,8041,8157,2443,2678,1514,708,221,1514,913,251,126,42,110,58
2017,Unterwiehre-Süd,8172,8293,2485,2773,1596,690,199,1596,951,226,128,46,112,62
2018,Unterwiehre-Süd,8099,8213,2431,2713,1529,709,193,1529,963,221,130,42,109,63
2020,Unterwiehre-Süd,7955,8081,2330,2594,1371,771,188,1371,1009,214,133,32,111,54
2021,Unterwiehre-Süd,7911,8057,2362,2628,1365,800,197,1365,1035,228,137,38,113,62
2009,Günterstal,1675,1779,310,347,121,138,51,121,169,57,33,0,28,5
2013,Günterstal,1780,1799,337,372,191,99,47,191,134,47,27,3,24,6
2014,Günterstal,1817,1837,342,381,196,102,44,196,140,45,25,3,22,6
2015,Günterstal,1924,1948,387,432,232,111,44,232,155,45,22,4,20,6
2016,Günterstal,2006,2031,430,479,242,140,48,242,185,52,27,4,23,8
2018,Günterstal,2119,2149,522,594,310,162,50,310,219,65,28,10,25,13
2019,Günterstal,2106,2135,511,579,303,161,47,303,218,58,31,9,27,13
2006,Brühl-Beurbarung,2524,2593,915,1005,592,190,133,592,257,156,94,26,85,35
2008,Brühl-Beurbarung,2521,2582,949,1045,606,212,131,606,286,153,80,25,67,38
2009,Brühl-Beurbarung,2550,2612,985,1080,621,240,124,621,317,142,81,27,66,42
2010,Brühl-Beurbarung,2558,2627,983,1080,603,249,131,603,330,147,92,30,75,47
2012,Brühl-Beurbarung,2618,2640,1018,1122,626,281,111,626,367,129,98,45,78,65
2006,Stühlinger-Eschholz,6223,6723,1801,1905,1041,430,330,1041,512,352,123,28,104,47
2009,Stühlinger-Eschholz,6258,6664,1773,1875,988,469,316,988,556,331,105,30,93,42
2010,Stühlinger-Eschholz,6392,6805,1800,1918,1014,474,312,1014,569,335,103,24,86,41
2012,Stühlinger-Eschholz,6620,6743,1860,1975,1031,530,299,1031,617,327,118,33,92,59
2016,Stühlinger-Eschholz,6618,6710,1849,1989,1148,505,196,1148,614,227,124,26,102,48
2017,Stühlinger-Eschholz,6575,6664,1866,2035,1180,510,176,1180,652,203,118,26,97,47
2018,Stühlinger-Eschholz,6922,7009,2031,2202,1294,568,169,1294,711,197,120,26,98,48
2020,Stühlinger-Eschholz,6908,7014,2071,2222,1301,598,172,1301,726,195,108,33,92,49
2021,Stühlinger-Eschholz,6796,6898,1993,2136,1232,596,165,1232,713,191,111,21,93,39
2007,Alt-Stühlinger,8479,8935,2999,3232,1738,762,499,1738,957,537,186,36,155,67
2011,Alt-Stühlinger,8985,9118,3106,3343,1814,861,431,1814,1055,474,166,46,138,74
2013,Alt-Stühlinger,9109,9195,3008,3257,1838,896,274,1838,1114,305,147,45,125,67
2014,Alt-Stühlinger,9113,9202,3013,3262,1857,881,275,1857,1102,303,144,43,125,62
2015,Alt-Stühlinger,9112,9205,3052,3315,1865,917,270,1865,1154,296,149,52,129,72
2019,Alt-Stühlinger,9140,9223,3064,3362,1901,935,228,1901,1207,254,158,53,129,82
2009,Mooswald-West,3899,4019,736,850,276,227,233,276,312,262,73,9,63,19
2010,Mooswald-West,3896,4014,744,863,291,237,216,291,325,247,73,11,62,22
2011,Mooswald-West,3936,3976,766,886,307,246,213,307,334,245,70,9,59,20
2012,Mooswald-West,3979,4011,792,913,324,267,201,324,356,233,76,16,62,30
2015,Mooswald-West,3998,4036,811,916,416,257,138,416,342,158,66,8,61,13
2017,Mooswald-West,3975,4011,832,956,446,257,129,446,361,149,47,11,41,17
2019,Mooswald-West,4021,4057,912,1043,489,290,133,489,401,153,39,11,33,17
2021,Mooswald-West,3907,3944,950,1056,503,320,127,503,407,146,29,9,23,15
2009,Mooswald-Ost,3487,3607,1094,1202,660,251,183,660,342,200,91,28,78,41
2010,Mooswald-Ost,3464,3576,1077,1193,640,262,175,640,360,193,87,29,72,44
2011,Mooswald-Ost,3609,3652,1210,1329,765,271,174,765,370,194,75,32,61,46
2012,Mooswald-Ost,3669,3695,1223,1351,744,294,185,744,400,207,85,32,70,47
2015,Mooswald-Ost,4921,4954,1755,1968,1085,519,151,1085,710,173,93,27,76,44
2017,Mooswald-Ost,5296,5342,1967,2247,1277,551,139,1277,805,165,109,39,82,66
2020,Mooswald-Ost,5245,5274,2012,2253,1246,634,132,1246,848,159,105,37,76,66
2021,Mooswald-Ost,5258,5296,2050,2282,1257,662,131,1257,866,159,110,38,79,69
2009,Betzenhausen-Bischofslinde,8337,8690,3381,3705,1812,501,1068,1812,665,1228,172,47,127,92
2013,Betzenhausen-Bischofslinde,9000,9078,3620,3928,2070,982,568,2070,1202,656,162,53,116,99
2014,Betzenhausen-Bischofslinde,8919,9004,3634,3972,2145,938,551,2145,1188,639,154,59,108,105
2015,Betzenhausen-Bischofslinde,9165,9238,3925,4245,2437,950,538,2437,1186,622,147,60,107,100
2016,Betzenhausen-Bischofslinde,9361,9434,4093,4410,2577,966,550,2577,1202,631,148,91,99,140
2019,Betzenhausen-Bischofslinde,9139,9231,3621,3979,2151,990,480,2151,1270,558,141,66,88,119
2007,Alt-Betzenhausen,4980,5234,1471,1635,594,347,530,594,467,574,101,14,73,42
2009,Alt-Betzenhausen,5045,5279,1529,1685,607,381,541,607,495,583,89,23,70,42
2013,Alt-Betzenhausen,5205,5278,1492,1623,664,515,313,664,622,337,87,16,72,31
2014,Alt-Betzenhausen,5272,5351,1533,1669,700,518,315,700,627,342,82,17,67,32
2015,Alt-Betzenhausen,5229,5300,1563,1690,765,492,306,765,595,330,83,23,68,38
2019,Alt-Betzenhausen,5175,5241,1559,1707,792,494,273,792,618,297,91,22,73,40
2009,Landwasser,6920,7050,3048,3499,979,558,1511,979,805,1715,142,42,102,82
2010,Landwasser,6917,7054,3081,3558,979,597,1505,979,860,1719,132,44,88,88
2011,Landwasser,7001,7053,3126,3612,1019,605,1502,1019,871,1722,133,42,89,86
2012,Landwasser,7036,7079,3191,3680,1084,627,1480,1084,889,1707,155,46,99,102
2017,Landwasser,7163,7212,3361,3940,1511,1093,757,1511,1521,908,143,51,87,107
2018,Landwasser,7130,7172,3395,3973,1549,1105,741,1549,1529,895,132,51,77,106
2006,Lehen,2251,2329,379,435,142,156,81,142,200,93,49,4,43,10
2007,Lehen,2319,2378,401,459,155,158,88,155,206,98,49,5,44,10
2008,Lehen,2313,2379,420,473,155,168,97,155,212,106,48,6,45,9
2010,Lehen,2291,2355,428,488,165,163,100,165,211,112,40,6,37,9
2011,Lehen,2395,2421,451,517,183,162,106,183,209,125,41,7,39,9
2012,Lehen,2408,2429,460,522,194,157,109,194,200,128,53,5,49,9
2017,Lehen,2483,2511,435,503,249,119,67,249,175,79,44,8,40,12
2018,Lehen,2487,2515,428,491,239,126,63,239,178,74,38,9,34,13
2020,Lehen,2452,2479,443,496,240,144,59,240,186,70,52,11,47,16
2021,Lehen,2496,2526,467,529,258,151,58,258,201,70,57,11,50,18
2006,Waltershofen,2284,2336,335,425,69,126,140,69,182,174,51,2,45,8
2009,Waltershofen,2248,2299,350,447,87,131,132,87,201,159,43,3,37,9
2013,Waltershofen,2199,2219,297,369,103,111,83,103,166,100,39,3,35,7
2016,Waltershofen,2186,2203,306,381,117,121,68,117,175,89,30,2,30,2
2017,Waltershofen,2169,2184,301,387,125,113,63,125,175,87,31,4,30,5
2018,Waltershofen,2157,2186,312,398,129,120,63,129,184,85,33,2,31,4
2020,Waltershofen,2184,2210,320,398,131,127,62,131,184,83,33,2,30,5
2021,Waltershofen,2180,2207,310,381,125,120,65,125,173,83,35,2,32,5
2009,Mundenhof,48,48,6,8,1,4,1,1,6,1,1,0,1,0
2013,Mundenhof,48,48,2,4,1,0,1,1,2,1,1,0,1,0
2014,Mundenhof,58,58,10,12,6,3,1,6,5,1,1,0,1,0
2016,Mundenhof,58,58,11,16,5,4,2,5,9,2,1,0,1,0
2018,Mundenhof,58,58,11,16,4,5,2,4,10,2,1,0,1,0
2020,Mundenhof,45,45,10,14,4,5,1,4,9,1,0,0,0,0
2009,Haslach-Egerten,5940,6154,1641,1755,882,372,387,882,453,420,111,30,92,49
2013,Haslach-Egerten,6620,6666,1958,2125,1164,531,263,1164,669,292,132,48,118,62
2014,Haslach-Egerten,6662,6717,1985,2181,1186,548,251,1186,711,284,136,44,118,62
2016,Haslach-Egerten,6761,6815,2126,2327,1254,602,270,1254,775,298,125,50,108,67
2018,Haslach-Egerten,7434,7508,2287,2554,1406,647,234,1406,882,266,134,56,116,74
2019,Haslach-Egerten,7691,7763,2469,2748,1528,703,238,1528,943,277,148,62,125,85
2020,Haslach-Egerten,7949,8031,2633,2921,1616,770,247,1616,1017,288,159,56,134,81
2006,Haslach-Gartenstadt,7304,7555,2201,2444,1310,504,387,1310,713,421,183,37,155,65
2007,Haslach-Gartenstadt,7317,7540,2213,2470,1327,492,394,1327,716,427,189,48,157,80
2008,Haslach-Gartenstadt,7158,7383,2162,2416,1279,505,378,1279,724,413,180,45,151,74
2010,Haslach-Gartenstadt,7404,7622,2360,2653,1394,585,381,1394,830,429,182,42,150,74
2011,Haslach-Gartenstadt,7727,7811,2504,2814,1484,623,397,1484,882,448,184,47,155,76
2012,Haslach-Gartenstadt,7774,7830,2555,2869,1529,638,388,1529,890,450,201,74,171,104
2014,Haslach-Gartenstadt,8016,8063,2631,2975,1686,642,303,1686,951,338,187,63,159,91
2015,Haslach-Gartenstadt,7994,8043,2706,3038,1772,652,282,1772,948,318,200,65,170,95
2019,Haslach-Gartenstadt,8016,8074,2750,3115,1762,741,247,1762,1060,293,184,90,146,128
2021,Haslach-Gartenstadt,8327,8400,2945,3267,1841,844,260,1841,1124,302,189,82,150,121
2006,Haslach-Schildacker,736,766,249,273,138,49,62,138,68,67,23,4,19,8
2007,Haslach-Schildacker,745,767,256,278,144,52,60,144,70,64,21,5,18,8
2008,Haslach-Schildacker,721,741,234,252,129,49,56,129,64,59,20,7,16,11
2010,Haslach-Schildacker,716,729,248,272,136,56,56,136,74,62,23,6,19,10
2011,Haslach-Schildacker,743,746,254,279,142,61,51,142,81,56,22,6,19,9
2012,Haslach-Schildacker,740,743,264,286,152,69,43,152,90,44,25,7,22,10
2015,Haslach-Schildacker,1710,1715,1259,1282,1159,70,30,1159,93,30,17,10,12,15
2017,Haslach-Schildacker,940,948,526,550,439,66,21,439,89,22,11,6,9,8
2020,Haslach-Schildacker,1053,1057,567,607,453,98,16,453,131,23,22,13,18,17
2021,Haslach-Schildacker,1307,1310,781,828,650,110,21,650,147,31,22,14,18,18
2006,Haslach-Haid,3772,3887,995,1138,442,226,327,442,319,377,94,18,87,25
2009,Haslach-Haid,3854,3967,1010,1159,435,261,314,435,351,373,90,14,80,24
2013,Haslach-Haid,3835,3855,1018,1157,497,338,183,497,444,216,79,22,72,29
2016,Haslach-Haid,3839,3859,1120,1272,591,351,178,591,468,213,74,17,61,30
2017,Haslach-Haid,3853,3878,1114,1279,611,338,165,611,468,200,70,16,58,28
2018,Haslach-Haid,3837,3861,1146,1301,634,349,163,634,474,193,71,20,57,34
2020,Haslach-Haid,3837,3862,1133,1258,614,366,153,614,462,182,81,20,71,30
2021,Haslach-Haid,3865,3888,1159,1281,627,377,155,627,467,187,70,22,59,33
2007,St. Georgen-Nord,8298,8584,1565,1746,791,482,292,791,630,325,255,18,235,38
2011,St. Georgen-Nord,9145,9262,1821,2080,912,596,313,912,809,359,202,32,189,45
2013,St. Georgen-Nord,9398,9483,1721,1988,942,532,247,942,757,289,184,26,168,42
2014,St. Georgen-Nord,9492,9585,1864,2145,1099,518,247,1099,750,296,193,31,177,47
2015,St. Georgen-Nord,10029,10130,2332,2622,1546,544,242,1546,787,289,194,40,177,57
2019,St. Georgen-Nord,10085,10181,2332,2684,1476,624,232,1476,919,289,182,52,159,75
2006,St. Georgen-Süd,6243,6551,1066,1310,486,365,215,486,581,243,180,19,158,41
2008,St. Georgen-Süd,2337,2443,401,453,117,139,145,117,174,162,35,8,30,13
2010,St. Georgen-Süd,2342,2448,417,471,115,148,154,115,183,173,36,5,31,10
2011,St. Georgen-Süd,2336,2380,428,486,116,163,149,116,201,169,32,7,27,12
2012,St. Georgen-Süd,2346,2376,450,503,126,170,154,126,207,170,38,7,33,12
2016,St. Georgen-Süd,2372,2405,410,467,142,141,127,142,186,139,27,3,23,7
2017,St. Georgen-Süd,2374,2407,394,456,144,135,115,144,185,127,26,4,22,8
2018,St. Georgen-Süd,2393,2428,440,503,182,149,109,182,200,121,28,9,21,16
2020,St. Georgen-Süd,2421,2452,453,500,184,169,100,184,207,109,37,8,30,15
2021,St. Georgen-Süd,2401,2435,435,480,180,160,95,180,197,103,34,8,28,14
2006,Opfingen,3962,4055,671,795,246,240,185,246,346,203,89,7,77,19
2009,Opfingen,4014,4094,704,827,265,271,168,265,373,189,100,9,88,21
2010,Opfingen,4108,4196,736,867,277,280,179,277,389,201,99,10,87,22
2012,Opfingen,4368,4386,812,984,337,292,183,337,428,219,115,20,105,30
2016,Opfingen,4422,4448,805,984,404,250,151,404,397,183,96,18,84,30
2017,Opfingen,4441,4469,860,1061,463,252,145,463,417,181,102,19,87,34
2018,Opfingen,4459,4488,890,1077,509,251,130,509,405,163,95,16,85,26
2020,Opfingen,4533,4563,993,1169,577,291,125,577,440,152,74,18,63,29
2021,Opfingen,4507,4531,1039,1204,623,292,124,623,434,147,78,18,68,28
2007,Tiengen,3276,3360,673,804,275,250,148,275,349,180,66,11,61,16
2011,Tiengen,3249,3283,738,853,342,250,146,342,329,182,67,12,64,15
2013,Tiengen,3205,3243,632,732,381,145,106,381,219,132,60,14,58,16
2014,Tiengen,3224,3259,680,776,423,148,109,423,216,137,58,13,57,14
2015,Tiengen,3229,3265,713,808,439,167,107,439,231,138,45,13,44,14
2019,Tiengen,3335,3375,889,984,610,184,95,610,245,129,39,18,35,22
2009,Munzingen,2642,2697,588,737,200,192,196,200,280,257,68,7,60,15
2013,Munzingen,2787,2809,578,698,249,196,133,249,290,159,65,9,53,21
2016,Munzingen,2907,2924,677,806,335,216,126,335,313,158,69,11,61,19
2017,Munzingen,2965,2983,704,864,368,207,129,368,326,170,73,12,63,22
2018,Munzingen,2973,2993,747,908,402,221,124,402,340,166,69,14,59,24
2020,Munzingen,3045,3064,788,951,442,231,115,442,349,160,60,20,50,30
2006,Weingarten,10530,10751,5003,5505,2200,969,1834,2200,1312,1993,299,87,217,169
2007,Weingarten,10433,10629,5003,5535,2229,975,1799,2229,1331,1975,279,97,204,172
2008,Weingarten,10260,10444,4978,5520,2234,999,1745,2234,1371,1915,276,105,191,190
2010,Weingarten,10366,10543,5059,5667,2361,1037,1661,2361,1454,1852,259,116,182,193
2011,Weingarten,10525,10592,5200,5830,2511,1044,1645,2511,1467,1852,262,113,193,182
2012,Weingarten,10659,10714,5337,5992,2588,1125,1624,2588,1562,1842,289,135,199,225
2015,Weingarten,10825,10896,5354,6057,2747,1724,883,2747,2273,1037,240,122,177,185
2017,Weingarten,11110,11162,5494,6342,2926,1732,836,2926,2418,998,227,144,167,204
2019,Weingarten,11305,11364,5723,6596,3065,1829,829,3065,2518,1013,231,151,167,215
2021,Weingarten,11264,11325,5867,6636,3113,1948,806,3113,2555,968,216,139,150,205
2006,Rieselfeld,7616,7709,2188,2810,756,463,969,756,840,1214,321,43,273,91
2008,Rieselfeld,8744,8871,2581,3312,923,606,1052,923,1055,1334,308,53,248,113
2009,Rieselfeld,8970,9107,2622,3371,913,657,1052,913,1112,1346,304,57,245,116
2010,Rieselfeld,9255,9405,2725,3489,941,711,1073,941,1164,1384,305,60,247,118
2012,Rieselfeld,9754,9828,2877,3625,1026,797,1054,1026,1230,1369,341,54,268,127
2016,Rieselfeld,10035,10135,2956,3643,1201,1142,613,1201,1656,786,270,59,206,123
2017,Rieselfeld,9973,10071,2934,3710,1237,1119,578,1237,1718,755,259,61,194,126
2018,Rieselfeld,9867,9965,2939,3698,1245,1131,563,1245,1717,736,248,66,183,131
2020,Rieselfeld,9560,9657,2865,3495,1169,1169,527,1169,1648,678,212,53,149,116
2021,Rieselfeld,9459,9562,2857,3452,1191,1155,511,1191,1608,653,210,54,152,112
2007,Vauban,4781,4982,923,1167,530,286,107,530,513,124,190,19,174,35
2008,Vauban,4903,5106,942,1165,521,322,99,521,532,112,206,17,193,30
2010,Vauban,5154,5340,1060,1303,591,365,104,591,592,120,221,22,201,42
2011,Vauban,5322,5381,1100,1351,595,406,99,595,643,113,219,18,194,43
2012,Vauban,5522,5568,1158,1416,601,439,118,601,677,138,267,21,238,50
2014,Vauban,5576,5634,1132,1331,669,366,97,669,546,116,210,21,192,39
2015,Vauban,5616,5682,1184,1366,702,389,93,702,552,112,204,21,190,35
2019,Vauban,5405,5494,1177,1369,705,397,75,705,567,97,178,17,162,33
2021,Vauban,5210,5298,1147,1290,631,448,68,631,570,89,167,16,154,29
